"handle","title","status","queries","impr","clicks"
"borrasca-brut-cava","Borrasca Brut Cava • 750ml Bottle","ARCHIVED",74,2024,2
"modelo-ranch-water-6-pack","Modelo Ranch Water •  6 Pack 12oz Can","ARCHIVED",31,1931,4
"twisted-x-mcconauhaze-hazy-ipa-12oz-can","Twisted X McConauhaze Hazy IPA • 12oz Can","ARCHIVED",45,1174,1
"polish-horseshoes-game-set","BEERSBY Game Set - RENTAL","ARCHIVED",25,953,1
"drinking-buddy-hangover-support-supplement-single-pack-copy","Drinking Buddy Hangover Support Supplement • Party Pack","ARCHIVED",225,943,0
"triple-sec-50ml","Triple Sec • 50ml Bottle","ARCHIVED",99,676,2
"waterboy-hydration-weekend-recovery-lemon-ginger-12-pk","WaterBoy Hydration + Weekend Recovery Lemon Ginger • 12 Pack","ARCHIVED",14,478,6
"twisted-x-mcconauhaze-hazy-ipa-12oz-6-pack-can","Twisted X McConauhaze Hazy IPA • 6 Pack 12oz Can","ARCHIVED",35,418,1
"four-loko-lemonade","Four Loko Lemonade • 23.5oz Can","ARCHIVED",42,366,0
"karbach-ranch-water-variety-12oz-12-pack-can","Karbach Ranch Water Variety Pack • 12 Pack 12oz Can","ARCHIVED",9,349,0
"motorized-pool-lounger","Motorized Pool Lounger","ARCHIVED",12,339,0
"team-bride-sunglasses","""Team Bride"" Sunglasses","ARCHIVED",18,312,1
"pumpkin-spice-old-fashioned-cocktail-kit-copy","Austin Whiskey Gift Basket","ARCHIVED",35,305,0
"glass-beverage-dispenser","Glass Beverage Dispenser","ARCHIVED",90,297,0
"inflatable-led-photo-booth-tent","Inflatable LED Photo Booth Tent","ARCHIVED",33,276,0
"miller-lite-keg-1-4-barrel-5-5-gal","Miller Lite Keg • 1/4 Barrel 5.5 gal","ARCHIVED",98,275,2
"filthy-olive-brine-for-cocktails-8-oz-pouch","Filthy Olive Brine for Cocktails • 8oz Pouch","ARCHIVED",19,273,0
"oregon-spirit-absinthe-375ml","Oregon Spirit Absinthe • 375ml","ARCHIVED",12,245,1
"smirnoff-ice-original","Smirnoff Ice Original • 11.2oz Bottle","ARCHIVED",12,231,0
"liquid-i-v-hydration-multiplier-electrolyte-drink-mix-lemon-lime-10ct","Liquid I.V. Hydration Multiplier Electrolyte Drink Mix - Lemon Lime • 10ct","ARCHIVED",59,231,0
"cafe-granita-coffee-liqueur-750ml","Cafe Granita Coffee Liqueur • 750ml Bottle","ARCHIVED",9,215,1
"four-corners-el-chingon-6-pack","Four Corners El Chingon • 6 Pack 12oz Can","ARCHIVED",10,193,0
"neon-light-up-dance-floor","Neon Light Up Dance Floor","ARCHIVED",40,176,0
"hawaiian-punch-128oz","Hawaiian Punch • 128oz","ARCHIVED",17,171,0
"ever-fresh-apple-juice-16-oz","Ever Fresh Apple Juice • 16oz Bottle","ARCHIVED",21,169,0
"silver-glitter-cowboy-hat-retro-western-party-accessory","Iridescent Rainbow Cowboy Hat","ARCHIVED",8,167,0
"miller-lite-keg-1-2-barrel-11-gal-copy","(NOT IN DB)","NOT_IN_DB",24,164,0
"360-photo-booth-machine","360 Photo Booth Machine","ARCHIVED",31,163,0
"red-blue-solo-cups-16oz-25pk","Red & Blue Solo Cups • 25 Pack 16oz","ARCHIVED",71,160,0
"titos-lemonade-gallon-dispenser-kit-22-drinks-per-dispenser","(NOT IN DB)","NOT_IN_DB",20,141,0
"galliano-liqueur-750ml","Galliano Liqueur • 750ml","ARCHIVED",35,135,0
"glitter-mirror-disco-ball-cowboy-hat","Disco Ball Bucket Hat","ARCHIVED",8,132,2
"cooler-rental-120qt","(NOT IN DB)","NOT_IN_DB",32,130,0
"fizzique-keto-protein-water-strawberry-watermelon-12oz","Fizzique Keto Protein Sparkling Water Strawberry Watermelon • 12fl oz Can","ARCHIVED",10,128,0
"cosmo-punch-gallon-dispenser-kit-22-drinks-per-dispenser","Cosmo Punch Cocktail Kit - Serves 30","ARCHIVED",19,126,0
"giant-yard-pong-game","Giant Yard Pong Game - RENTAL","ARCHIVED",46,124,0
"disc-toss-game","KanJam - RENTAL","ARCHIVED",13,117,0
"6pcs-silver-mirror-disco-ball-straws-70s-party-decor","Disco Ball Straws • 6pcs","ARCHIVED",7,107,0
"karbach-ranch-water-original-25oz-can","Karbach Ranch Water Original • 25oz Can","ARCHIVED",17,106,0
"goodnight-loving-vodka-750-ml","Goodnight Loving Vodka • 750ml Bottle","ARCHIVED",17,101,0
"independence-austin-amber-12oz-6-pack-can","Independence Austin Amber • 6 Pack 12oz Can","ARCHIVED",9,101,0
"rudys-bbq-for-6-8","Rudy's BBQ for 6-8","ARCHIVED",41,100,0
"heineken-12oz-6-pack","Heineken • 6 Pack 12oz Slim Can","ARCHIVED",50,99,0
"motorized-tube-runner","Motorized Tube Runner","ARCHIVED",3,85,0
"coco-real-cream-of-coconut-22oz","Coco Real Cream of Coconut • 22oz Bottle","ARCHIVED",34,82,0
"hugo-spritz-cocktail-kit","(NOT IN DB)","NOT_IN_DB",20,82,1
"apple-cider-aperol-cider-bundle","Apple Cider Aperol Spritz Cocktail Kit","ARCHIVED",15,81,0
"silver-disco-ball-cowboy-hat-for-men","Disco Ball Cowboy Hat","ARCHIVED",22,81,0
"martini-glass-8oz","Martini Glass • 8oz","ARCHIVED",43,80,0
"lucky-f-ck-energy","Lucky F*ck Energy • 19.2oz Can","ARCHIVED",23,79,0
"soft-tip-target-toss","Lawn Darts (Safe!!) - RENTAL","ARCHIVED",15,78,0
"jinro-plum-soju","Jinro Plum Soju • 350ml Bottle","ARCHIVED",16,77,0
"double-old-fashioned-glass-10oz","Double Old Fashioned Glass • 10oz","ARCHIVED",4,76,0
"saint-arnold-fancy-lawnmower-19-2oz-can","Saint Arnold Fancy Lawnmower • 19.2oz Can","ARCHIVED",35,75,0
"the-classic-texas-cosmopolitan","(NOT IN DB)","NOT_IN_DB",10,74,0
"mini-american-flags-5","Mini American Flags • 5pcs","ARCHIVED",24,72,0
"balloon-garland-setup","Balloon Garland Setup","ARCHIVED",21,72,0
"revolver-brewing-blood-honey-6-pack","Revolver Brewing Blood & Honey • 6 Pack 12oz Can","ARCHIVED",29,72,0
"highball-glass-20oz","Highball Glass • 20oz","ARCHIVED",31,70,0
"ring-toss-game","Ring Toss Game","ARCHIVED",13,70,0
"team-bride-sash","""Team Bride"" Sash","ARCHIVED",15,67,0
"easy-setup-badminton-set","Easy Setup Badminton Set - RENTAL","ARCHIVED",5,62,0
"giant-nylon-tic-tac-toe-game","Giant Tic Tac Toe Game - RENTAL","ARCHIVED",16,62,0
"gatorade-zero-electrolyte-powder-packets-10-pack","Gatorade Zero Electrolyte Powder Packets • 10 Pack","ARCHIVED",37,62,0
"fizzique-keto-protein-sparkling-water-tropical-limon-12oz","Fizzique Keto Protein Sparkling Water Tropical Limon • 12fl oz Can","ARCHIVED",8,62,1
"waterboy-hydration-weekend-recovery-lemon-lime-12-pk","WaterBoy Hydration + Weekend Recovery Lemon Lime • 12 Pack","ARCHIVED",28,62,0
"olipop-doctor-goodwin-soda-12oz","Olipop Doctor Goodwin Soda • 12fl oz Can","ARCHIVED",18,60,0
"white-blank-canvas-tote-bags","White Blank Canvas Tote Bags","ARCHIVED",23,57,0
"pepto-bismol","Pepto Bismol • 354ml Bottle","ARCHIVED",16,54,0
"mi-mama-me-dijo-mezcal","Mi Mama Me Dijo Mezcal • 750ml","ARCHIVED",12,54,0
"american-flag-tablecloth-54x108","American Flag Tablecloth • 54""x108""","ARCHIVED",8,51,0
"pop-up-canopy-tent","Pop Up Canopy Tent - RENTAL","ARCHIVED",18,51,0
"stainless-steel-cocktail-picks","Stainless Steel Cocktail Picks","ARCHIVED",7,51,0
"rum-punch-gallon-dispenser-kit-25-drinks-per-dispenser","Rum Punch Cocktail Kit - Serves 20","ARCHIVED",20,48,0
"h-e-b-half-half-16oz","Half & Half • 32oz Bottle","ARCHIVED",19,48,0
"calmezzi-spiced-non-alcoholic-spirit-750ml-bottle","Calmezzi Spiced Non-Alcoholic Spirit • 750ml Bottle","ARCHIVED",12,47,0
"wavy-potato-chips","Wavy Potato Chips • 397g","ARCHIVED",8,47,0
"spikeball-roundnet-game-set","Spikeball Game Set - RENTAL","ARCHIVED",10,47,0
"deep-eddy-lemon-50ml","Deep Eddy Lemon • 50ml Bottle","ARCHIVED",28,41,0
"laphroaig-single-malt-10year-750ml","Laphroaig Single Malt 10yr • 750ml Bottle","ARCHIVED",3,41,0
"but-did-you-die-hangover-gift-bags","""But Did You Die"" Hangover Gift Bags","ARCHIVED",6,39,0
"hawaiian-brand-sweet-maui-onion-chips-party-size","Hawaiian Brand Sweet Maui Onion Chips • 16oz Party Size Bag","ARCHIVED",19,37,0
"blue-moon-moon-haze","Blue Moon Moon Haze • 6 Pack 12oz Can","ARCHIVED",10,36,0
"inflatable-pool-ring-toss","Inflatable Pool Ring Toss","ARCHIVED",5,36,0
"pineapple-juice-6oz-cans-6pack","Pineapple Juice • 6 Pack 6oz Can","ARCHIVED",21,35,0
"organic-lemon-juice-12oz","Organic Lemon Juice • 12.5oz Bottle","ARCHIVED",2,34,0
"sparkling-ice-strawberry-lemonade","Sparkling Ice Strawberry Lemonade • 17oz Bottle","ARCHIVED",15,32,0
"big-hat-nojito-mocktail-4-pack-12oz","Big Hat Nojito Mocktail • 4 Pack 12oz","ARCHIVED",2,32,0
"32-pack-bottled-water-16-9oz","(NOT IN DB)","NOT_IN_DB",6,31,0
"burlap-bag","Burlap Bag","ARCHIVED",5,28,0
"dos-equis-lager-6-pack","Dos Equis Lager • 6 Pack 12oz Can","ARCHIVED",16,28,0
"marie-de-moy-grand-champagne-750ml","Marie de Moy Grand Champagne • 750ml Bottle","ARCHIVED",13,28,0
"usb-star-projector-ball-light-colorful-rotating-atmosphere-lamp","USB Star Projector Ball Light - Colorful Rotating Atmosphere Lamp","ARCHIVED",14,28,0
"outdoor-white-chair-rental-1-chair-3-day","(NOT IN DB)","NOT_IN_DB",15,28,0
"disco-ball-headband","Disco Ball Headband","ARCHIVED",6,27,0
"unicorn-flamingo-pool-floats","Unicorn & Flamingo Pool Floats","ARCHIVED",6,27,0
"king-robert-ii-15yr-blended-scotch-750ml","King Robert II 15Yr Blended Scotch • 750ml","ARCHIVED",13,27,0
"shiny-pom-pom-headband","Pom-Pom Headband","ARCHIVED",4,27,0
"large-silicone-ice-molds","Large Silicone Ice Molds","ARCHIVED",16,25,0
"le-pre-vaujour-sancerre-sauvignon-blanc","Le Pre Vaujour Sancerre Sauvignon Blanc • 750ml Bottle","ARCHIVED",5,25,0
"real-ale-sampler-12-pack-12-oz-can","Real Ale Sampler • 12 Pack 12 oz Can","ARCHIVED",6,25,0
"sprite-zero-lemon-lime-soda-2l","Sprite Zero Lemon-Lime Soda • 2L Bottle","ARCHIVED",12,24,0
"king-air-mattress","King Air Mattress","ARCHIVED",11,24,0
"roses-grenadine-syrup-12oz","(NOT IN DB)","NOT_IN_DB",3,24,0
"lone-star-12-pack-12oz-cans","Lone Star • 12 Pack 12oz Can","ARCHIVED",14,22,0
"la-poussie-sancerre","La Poussie Sancerre • 750ml Bottle","ARCHIVED",4,22,0
"square-bottom-rocks-glass","Square Bottom Rocks Glass","ARCHIVED",7,22,0
"andre-cocktails-pineapple-mimosa-750ml-bottle","Andre Cocktails Pineapple Mimosa • 750ml Bottle","ARCHIVED",12,21,0
"svedka-vodka-80-50ml-pet-bottle","Svedka Vodka 80 • 50ml Pet Bottle","ARCHIVED",13,21,0
"budweiser-25oz","Budweiser • 25oz Can","ARCHIVED",13,20,0
"assorted-sunglasses","Assorted Sunglasses","ARCHIVED",1,20,0
"classic-texas-cosmopolitan-cocktail-kit","Classic Texas Cosmopolitan Cocktail Kit","ARCHIVED",4,20,0
"ring-confetti","Ring Confetti","ARCHIVED",3,20,0
"hopadillo-hazy-ipa-19oz","Hopadillo Hazy IPA • 19oz Can","ARCHIVED",7,19,0
"2-in-1-limbo-games-with-led-light","2 in 1 Limbo Games with Led Light","ARCHIVED",3,18,1
"yuengling-light-lager-99-12-pack","(NOT IN DB)","NOT_IN_DB",6,18,0
"jim-beam-bourbon-375ml-bottle","Jim Beam Bourbon • 375ml Bottle","ARCHIVED",3,17,0
"rudys-bbq-for-6-8-copy","BBQ Delivery and Whiskey Bar Setup · 6-8people","ARCHIVED",2,16,0
"madre-mezcal-ensamble","Madre Mezcal Ensamble","ARCHIVED",10,16,0
"6-person-peacock-pool-float-white","6 Person Peacock Pool Float • White","ARCHIVED",8,16,0
"bride-balloons","Bride Balloons","ARCHIVED",6,15,0
"disco-visor","Disco Visor","ARCHIVED",3,15,0
"strawberry-margarita-pitcher-kit","Strawberry Margarita Cocktail Kit","ARCHIVED",7,15,0
"stash-ipa-19oz","Stash IPA • 19oz Can","ARCHIVED",6,14,0
"saint-arnold-lawnmower-6-pack","Saint Arnold Lawnmower • 6 Pack 12fl oz Can","ARCHIVED",9,14,0
"simply-cranberry-12oz","Simply Cranberry • 12oz Bottle","ARCHIVED",2,14,0
"5hr-energy-extra-strength-blue-raspberry","5-hour ENERGY Shot, Extra Strength Blue Raspberry • 57ml Bottle","ARCHIVED",8,13,0
"native-texan-19oz","Native Texan • 19.2oz Can","ARCHIVED",4,13,0
"indoor-outdoor-horseshoe-set","Horseshoes Game - RENTAL","ARCHIVED",1,13,0
"iridescent-biodegradable-party-paper-straws","Silver Party Paper Straws • 24 Pack","ARCHIVED",4,13,0
"818-tequila-blanco-375ml-bottle","818 Tequila Blanco • 375ml Bottle","ARCHIVED",10,12,0
"cutwater-mango-margarita-4-pack-12oz-can","Cutwater Mango Margarita • 4 Pack 12oz Can","ARCHIVED",6,12,0
"strawberry-simple-syrup","Strawberry Simple Syrup • 375ml Bottle","ARCHIVED",9,12,0
"trader-vic-white-chocolate-liqueur-750ml","Trader Vic White Chocolate Liqueur • 750ml Bottle","ARCHIVED",2,12,0
"doorlys-xo-rum-750m","Doorly's XO Rum • 750ml Bottle","ARCHIVED",7,11,0
"mezzetta-imported-spanish-queen-martini-olives-marinated-with-dry-vermouth-10oz","Mezzetta Imported Spanish Queen Martini Olives Marinated with Dry Vermouth • 10oz","ARCHIVED",4,11,0
"organic-orange-juice-32oz","Lakewood Organic Orange Juice • 32oz Bottle","ARCHIVED",3,11,0
"troublemaker-red-wine-750ml","Troublemaker Red Wine • 750ml Bottle","ARCHIVED",6,11,0
"coke-can","Coca-Cola • 12fl oz Can","ARCHIVED",5,10,0
"basil-hayden-kentucky-straight-bourbon-whiskey-750ml-bottle","Basil Hayden Kentucky Straight Bourbon Whiskey • 750ml Bottle","ARCHIVED",6,10,0
"courvoisier-cognac","Courvoisier Cognac • 50ml Bottle","ARCHIVED",7,10,0
"real-ale-devils-backbone-6-pack-12-oz-can","Real Ale Devil's Backbone • 6 Pack 12 oz Can","ARCHIVED",5,10,0
"glass-12oz","Rocks Glass • 12oz","ARCHIVED",7,10,0
"svedka-vodka-80-12-pack-50ml-pet-bottles","Svedka Vodka 80 • 12 Pack 50ml Pet Bottles","ARCHIVED",7,10,0
"bride-to-be-sash","""Bride-To-Be"" Sash","ARCHIVED",4,9,0
"5hr-energy-extra-strength-watermelon","5-hour ENERGY Shots Extra Strength Sugar Free Watermelon • 57ml Bottle","ARCHIVED",3,9,0
"bud-select-24-pack-12oz-can","Bud Select • 24 Pack 12oz Can","ARCHIVED",7,9,0
"giant-kick-darts","Giant Soccer Darts - RENTAL","ARCHIVED",6,9,0
"liquid-death-mountain-water","Liquid Death Mountain Water • 500ml Can","ARCHIVED",3,9,0
"rhinestone-cowgirl-party-pack","Rhinestone Cowgirl Party Pack","ARCHIVED",4,8,1
"dolin-sweet-vermouth-750ml","Dolin Sweet Vermouth • 750mL","ARCHIVED",4,8,0
"flowers-pinot-noir","Flowers Pinot Noir • 750ml Bottle","ARCHIVED",4,8,0
"heb-rio-red-grapefruit-juice-52oz","H-E-B Rio Red Grapefruit Juice • 52oz Bottle","ARCHIVED",5,8,0
"herradura-agave-nectar","Herradura Agave Nectar • 23oz Bottle","ARCHIVED",6,8,0
"iter-chardonnay-750ml-bottle","Iter Chardonnay • 750ml Bottle","ARCHIVED",3,8,0
"giant-ring-toss-game","Giant Ring Toss Game - RENTAL","ARCHIVED",3,8,0
"samantha-libby-balloon-decoration-3-7-25","Samantha Libby Balloon Decoration 3/7/25","ARCHIVED",2,8,0
"skinny-margarita-cocktail-kit-serves-20","Skinny Margarita Cocktail Kit - Serves 20","ARCHIVED",3,8,0
"makers-mark-bourbon","Maker's Mark Bourbon • 1L Bottle","ARCHIVED",6,7,0
"heinz-tomato-ketchup-20oz","Heinz Tomato Ketchup • 20oz Bottle","ARCHIVED",6,7,0
"calmezzi-original-non-alcoholic-spirit","Calmezzi Original Non-Alcoholic Spirit • 750ml Bottle","ARCHIVED",3,7,0
"vita-coco-coconut-juice-16oz-can","Vita Coco Coconut Juice • 16oz Can","ARCHIVED",4,7,0
"portable-cornhole-set","Cornhole Set - RENTAL","ARCHIVED",4,7,0
"last-disco-foil-balloon-pack","""Last Disco"" Foil Balloon Pack","ARCHIVED",5,7,0
"lime-juice-4oz-bottle","Pompeii Lime Juice • 4oz Bottle","ARCHIVED",4,7,0
"republic-tequila-anejo-texas-replica","Republic Texas Anejo Tequila • 750ml Bottle","ARCHIVED",5,7,0
"sipsmith-gin-750ml","Sipsmith Gin 750ml","ARCHIVED",3,7,0
"woodford-reserve-1-75l","Woodford Reserve • 1.75L Bottle","ARCHIVED",2,6,0
"ritual-zero-proof-non-alcoholic-gin-750ml-bottle","Ritual Zero Proof Non-Alcoholic Gin • 750ml Bottle","ARCHIVED",3,6,0
"andre-cocktails-strawberry-mimosa-750ml-bottle","Andre Cocktails Strawberry Mimosa • 750ml Bottle","ARCHIVED",6,6,0
"hans-pils-6-pack-12fl-oz-can","Hans Pils • 6 Pack 12fl oz Can","ARCHIVED",3,6,0
"dulce-vida-organic-tequila-100-proof-750ml","Dulce Vida Organic Tequila 100 • 750ml Bottle","ARCHIVED",6,6,0
"liquid-death-berry-it-alive","Liquid Death Berry It Alive • 500ml Can","ARCHIVED",3,6,0
"sol-12-pack","Sol • 12 Pack 12oz Can","ARCHIVED",6,6,0
"thirsty-planet-thirsty-goat-6-pack","Thirsty Planet Thirsty Goat 6 Pack 12oz Can","ARCHIVED",4,6,0
"casamigos-reposado-750ml","(NOT IN DB)","NOT_IN_DB",4,6,0
"copy-of-liquid-death-sparkling-water-500ml-can","Liquid Death Sparkling Water • 500ml Can","ARCHIVED",1,6,0
"deluxe-air-mattress-queen","Deluxe Air Mattress • Queen","ARCHIVED",4,5,0
"stirrings-triple-sec-750ml-bottle","Stirrings Triple Sec • 750ml Bottle","ARCHIVED",2,5,0
"cooling-towels-set-30-pack","Cooling Towels Set • 30 Pack","ARCHIVED",3,5,0
"cocktail-glass-rental","Cocktail Glass - Rental","ARCHIVED",4,5,0
"organic-pineapple-juice-32oz","(NOT IN DB)","NOT_IN_DB",4,5,0
"high-noon-hard-seltzer-el-pres-variety-pack-12-pack-12oz-cans","High Noon Hard Seltzer El Pres Variety Pack • 12 Pack 12oz Can","ARCHIVED",3,5,0
"shiner-texhex-desert-mirage-12-pack","Shiner TexHex Hazy IPA • 12 Pack 12oz Can","ARCHIVED",5,5,0
"cutwater-vodka-mule-4-pack-12oz-can","Cutwater Vodka Mule • 4 Pack 12oz Can","ARCHIVED",4,5,0
"disposable-eco-friendly-cocktail-cups-10-pack-12oz","Disposable, Eco-Friendly Cocktail Cups • 10 Pack 12oz","ARCHIVED",4,5,0
"waterboy-hydration-weekend-recovery-blue-raspberry-12-pk","WaterBoy Hydration + Weekend Recovery Blue Raspberry • 12 Pack","ARCHIVED",2,5,0
"disco-party-pack-1","Disco Party Pack","ARCHIVED",2,4,0
"austin-cktls-spk-ruby-red-25can4p-250m","Austin Cocktails Sparkling Ruby Red • 4 Pack 250ml Can","ARCHIVED",2,4,0
"coors-banquet","Coors Banquet • 12 Pack 12oz Can","ARCHIVED",4,4,0
"camarena-tequila-reposado-750ml","Camarena Tequila Reposado  • 750ml Bottle","ARCHIVED",4,4,0
"espolon-tequila-blanco-375ml","Espolon Tequila Blanco • 375ml Bottle","ARCHIVED",3,4,0
"melaani-white-wine","Melaani White Wine • 750ml Bottle","ARCHIVED",3,4,0
"hennessy-cognac-750ml","Hennessy Cognac • 750ml","ARCHIVED",3,4,0
"hopadillo-ipa-6pack","Hopadillo IPA • 6 Pack 12oz Can","ARCHIVED",2,4,0
"squad-mesh-baseball-cap-black","""Squad"" Trucker Hat","ARCHIVED",2,4,0
"texas-dulce-coffee-liqueur-750ml","Texas Dulce Coffee Liqueur • 750ml Bottle","ARCHIVED",3,4,0
"vizzy-variety-pack-2","Vizzy Berry Variety Pack • 12 Pack 12oz Can","ARCHIVED",3,4,0
"1-gallon-plastic-drink-dispenser","Plastic Drink Dispenser • 1.2 Gallon","ARCHIVED",3,3,0
"artificial-burnt-orange-flowers-20-pack","Artificial Burnt Orange Flowers • 20 Pack","ARCHIVED",3,3,0
"fringed-rhinestone-cowboy-hat","Fringed Rhinestone Cowboy Hat","ARCHIVED",3,3,0
"cranberry-ginger-fizz-mocktail-kit","Cranberry Ginger Fizz Mocktail Kit","ARCHIVED",1,3,0
"colorful-rave-fan","Colorful Rave Fan","ARCHIVED",3,3,0
"metallic-tinsel-foil-fringe-curtains","Metallic Tinsel Foil Fringe Curtains","ARCHIVED",3,3,0
"lime","Fresh Limes • 2lb Bag","ARCHIVED",2,3,0
"pineapple-juice-single-6oz-can","Pineapple Juice • Single 6oz Can","ARCHIVED",2,3,0
"king-maui-sauvignon-blanc-750ml","King Maui Sauvignon Blanc • 750ml Bottle","ARCHIVED",2,3,0
"led-tabletop-water-fountain","LED Tabletop Water Fountain","ARCHIVED",3,3,0
"item-f","Rainbow Disco Ball Cups","ARCHIVED",3,3,0
"chocolate-covered-martini","Chocolate Strawberry Martini Cocktail Kit","ARCHIVED",2,3,0
"sun-cruiser-iced-tea-8-pack-12oz-can","(NOT IN DB)","NOT_IN_DB",2,3,0
"wine-bottle-holder","Wine Bottle Holder","ARCHIVED",2,3,0
"wooden-ring-toss-game","Wooden Ring Toss Game - RENTAL","ARCHIVED",2,3,0
"splash-hoop-pool-basketball-game","Splash Hoop Pool Basketball Game","ARCHIVED",3,3,0
"angostura-orange-bitters-100ml-copy","(NOT IN DB)","NOT_IN_DB",2,3,0
"inflatable-bowling-set","Inflatable Bowling Set - RENTAL","ARCHIVED",2,3,0
"coke-zero-2l","Coke Zero • 2L Bottle","ARCHIVED",2,3,0
"carpano-rosso-vermouth-375ml","Carpano Rosso Vermouth • 375ml Bottle","ARCHIVED",2,2,0
"doritos-nacho-cheese-tortilla-chips-party-size","Doritos Nacho Cheese Tortilla Chips Party Size • 14.5oz","ARCHIVED",2,2,0
"6-pack-kids-pool-floats","Kids Pool Floats • 6 Pack","ARCHIVED",2,2,0
"san-pellegrino-sparkling-750ml","San Pellegrino Sparkling • 750ml Bottle","ARCHIVED",1,2,0
"balcones-rumble","Balcones Rumble • 750ml Bottle","ARCHIVED",1,2,0
"4-bottle-wine-carrier","Champagne Cooler","ARCHIVED",1,2,0
"andre-cocktails-mango-mimosa-750ml-bottle","Andre Cocktails Mango Mimosa • 750ml Bottle","ARCHIVED",2,2,0
"big-hat-big-hat-prickly-pear-paloma-4-pack-12oz","Big Hat Prickly Pear Paloma • 4 Pack 12oz","ARCHIVED",2,2,0
"birch-wood-washer-toss-game","Washer Toss Set - RENTAL","ARCHIVED",2,2,0
"giant-tic-tac-toe-game","Giant Rope Tic Tac Toe Game - RENTAL","ARCHIVED",2,2,0
"glow-lawn-darts-set","Glow Lawn Darts Set - RENTAL","ARCHIVED",2,2,0
"just-for-fun-delivery-boat-setup-fee","Just For Fun Delivery + Boat Setup Fee","ARCHIVED",2,2,0
"silver-party-on-yall-insulated-tumblers-12oz","Silver ""Party On Y'all"" Insulated Tumblers • 12oz","ARCHIVED",1,2,0
"sparkling-ice-black-cherry","Sparkling Ice Black Cherry • 17oz Bottle","ARCHIVED",2,2,0
"white-claw-black-cherry-12-pack-12oz-can","White Claw Black Cherry • 12 Pack 12oz Can","ARCHIVED",1,2,0
"cutwater-spicy-bloody-mary-4-pack","Cutwater Spicy Bloody Mary • 4 Pack 12oz","ARCHIVED",2,2,0
"spicy-rita-shaken-cocktail-kit","Spicy Rita Cocktail Kit","ARCHIVED",2,2,0
"https://partyondelivery.com/images/products/aperol-spritz-kit.png","(NOT IN DB)","NOT_IN_DB",2,2,0
"cantarito-non-alcoholic-gallon-dispenser-kit-22-drinks-per-dispenser","(NOT IN DB)","NOT_IN_DB",1,2,0
"usa-pinwheels-1","USA Pinwheel • 4pcs","ARCHIVED",2,2,0
"jalapeno-ranch-water-4-pack-12oz","(NOT IN DB)","NOT_IN_DB",1,2,0
"dr-pepper-diet-20oz-bottle","Dr Pepper Diet • 20oz Bottle","ARCHIVED",1,1,0
"artificial-orange-roses-12-pack","Artificial Orange Roses • 12 Pack","ARCHIVED",1,1,0
"cooling-towels-4-pack","Cooling Towels • 4 Pack","ARCHIVED",1,1,0
"cowboy-boot-shot-glasses","Cowboy Boot Shot Glasses","ARCHIVED",1,1,0
"stirrings-simple-syrup","(NOT IN DB)","NOT_IN_DB",1,1,0
"the-full-send-bar","The Full Send Bar","ARCHIVED",1,1,0
"otr-on-the-rocks-the-old-fashioned-cocktail-crafted-with-knob-creek-bourbon-70-750ml","On The Rocks The Old Fashioned • 375ml Bottle","ARCHIVED",1,1,0
"otr-on-the-rocks-the-jalapeno-pineapple-margarita-tres-generaciones-40-375ml","On The Rocks Jalapeno Pineapple Margarita • 375ml Bottle","ARCHIVED",1,1,0
"zilker-parks-rec-pale-ale-6pack","Zilker Parks & Rec Pale Ale 6pack","ARCHIVED",1,1,0
"treaty-oak-peach-julep-whiskey-cocktail","Treaty Oak Peach Julep Whiskey Cocktail • 750ml Bottle","ARCHIVED",1,1,0
"master-of-mixers-simple-syrup","Master of Mixers Simple Syrup • 375ml Bottle","ARCHIVED",1,1,0
"150-projector-screen","150'' Projector Screen","ARCHIVED",1,1,0
"american-flag-bunting-decoration-3x6","American Flag Bunting Decoration • 3'x6'","ARCHIVED",1,1,0
"ancho-reyes-chile-ancho-liqueur-375-ml","Ancho Reyes Chile Ancho Liqueur • 375 ml","ARCHIVED",1,1,0
"baileys-irish-cream-liqueur-the-original-34-375m","Baileys Irish Cream • 375 ml","ARCHIVED",1,1,0
"benjamins-50ml","Benjamins • 50ml Bottle","ARCHIVED",1,1,0
"buchanans-de-luxe-scotch-12yr-750ml","Buchanan's De Luxe Scotch 12yr • 750ml Bottle","ARCHIVED",1,1,0
"bulleit-straight-bourbon-frontier-whiskey-6-yr-90-750ml","Bulleit Straight Bourbon Frontier Whiskey 6 Yr 90 • 750ml Bottle","ARCHIVED",1,1,0
"california-sober-gardening-gift-basket","California Sober/Gardening Gift Basket","ARCHIVED",1,1,0
"car-coasters-blanks","Blank Car Coasters","ARCHIVED",1,1,0
"cinnamon-sticks","Cinnamon Sticks · 0.75oz","ARCHIVED",1,1,0
"cinnamon-sugar","Cinnamon Sugar · 3.5oz","ARCHIVED",1,1,0
"colorful-foldable-wine-corkscrew","Wine Corkscrew","ARCHIVED",1,1,0
"cowgirl-disco-bandana-w-frills","Cowgirl Disco Bandana","ARCHIVED",1,1,0
"cuba-libre-single-cocktail-kit","Cuba Libre Cocktail Kit - Single Serve","ARCHIVED",1,1,0
"cutwater-espresso-martini-4-pack-12oz","Cutwater Espresso Martini • 4 Pack 12oz Can","ARCHIVED",1,1,0
"desert-door-oak-aged-texas-sotol-100-50ml","Desert Door Oak Aged Texas Sotol 100 • 50ml Bottle","ARCHIVED",1,1,0
"diet-coca-cola-12-pack-12oz-can","Diet Coca-Cola • 12 Pack 12oz Can","ARCHIVED",1,1,0
"extra-large-recliner-pool-lounger","Recliner Pool Lounger • 3XL","ARCHIVED",1,1,0
"fancy-pineapple-cups-25oz","Fancy Pineapple Cups • 25oz","ARCHIVED",1,1,0
"fever-tree","Fever Tree • 200ml Bottle","ARCHIVED",1,1,0
"fiora-towel-giant-roll","Fiora Towel Giant Roll","ARCHIVED",1,1,0
"heart-shaped-wine-stopper","Heart-Shaped Wine Stopper","ARCHIVED",1,1,0
"hella-bitters-combo-pack","Hella Bitters Combo Pack • 1.7oz Bottle","ARCHIVED",1,1,0
"liquid-death-severed-lime","Liquid Death Severed Lime • 500ml Can","ARCHIVED",1,1,0
"native-texan-pilsner-6pack","Native Texan Pilsner • 6 Pack 12fl oz Can","ARCHIVED",1,1,0
"nine-banded-straight-bourbon-whiskey","Nine Banded Straight Bourbon Whiskey  • 750ml Bottle","ARCHIVED",1,1,0
"oversized-blanket-dark-grey","Oversized Blanket • Dark Grey","ARCHIVED",1,1,0
"oversized-king-fleece-blanket","Oversized King Fleece Blanket","ARCHIVED",1,1,0
"party-on-yall-koozie","Party On Y'all Koozie","ARCHIVED",1,1,0
"peppermint-martini","Peppermint Martini Cocktail Kit","ARCHIVED",1,1,0
"pilsner-urquell-6pack","Pilsner Urquell • 6 Pack 11.2 fl oz. Bottle","ARCHIVED",1,1,0
"pinnacle-375ml","Pinnacle Vodka • 375ml Bottle","ARCHIVED",1,1,0
"pitcher-with-recipes","Pitcher with Recipes","ARCHIVED",1,1,0
"plastic-martini-glasses","Plastic Martini Glasses","ARCHIVED",1,1,0
"pool-float-chairs-3-pack","Pool Float Chairs • 3 Pack","ARCHIVED",1,1,0
"portable-cornhole-game-set","PVC Framed Cornhole Set - RENTAL","ARCHIVED",1,1,0
"pumpkin-pie-martini","Pumpkin Pie Martini Cocktail Kit","ARCHIVED",1,1,0
"rainbow-black-foil-tablecloth-wedding-party-decor","Holographic Glitter Plastic Tablecover •  54""x108""","ARCHIVED",1,1,0
"recliner-pool-lounger-2xl","Recliner Pool Lounger • 2XL","ARCHIVED",1,1,0
"run-it-back-chiefs-cocktail-kit-2-drink-kit","Run it Back Chiefs Cocktail Kit - Serves 2","ARCHIVED",1,1,0
"rwb-star-sunglasses","RWB Star Sunglasses","ARCHIVED",1,1,0
"saint-arnold-hideaway-6-pack","Saint Arnold Hideaway • 6 Pack 12oz Can","ARCHIVED",1,1,0
"silver-star-balloons","Foil Burst Balloon","ARCHIVED",1,1,0
"st-agrestis-non-alcoholic-phony-negroni-2pack-200ml","St. Agrestis Non-Alcoholic Phony Negroni 2Pack 200ml","ARCHIVED",1,1,0
"stemless-wine-glass-rental","Stemless Wine Glass - Rental","ARCHIVED",1,1,0
"sticker-of-your-friends-face","Sticker of your friend's face!","ARCHIVED",1,1,0
"teacup-candle-w-saucer","Teacup Candle With Saucer","ARCHIVED",1,1,0
"thirsty-planet-thirsty-goat-6-pack-12oz-can-copy","Sam Adams Winter Lager • 6 Pack 12oz Bottles","ARCHIVED",1,1,0
"topo-chico-twist-of-lime-15oz-bottle","Topo Chico Twist of Lime • 15oz Bottle","ARCHIVED",1,1,0
"truly-hard-seltzer-lemonade-variety-pack-12-pack","TRULY Lemonade Variety Pack • 12 Pack 12oz Can you","ARCHIVED",1,1,0
"twisted-tea-half-half-hard-tea","Twisted Tea Half & Half Hard Tea • 12 Pack 12oz Can","ARCHIVED",1,1,0
"twisted-tea-light-variety","Twisted Tea Light Variety (Lemon) • 12 Pack 12oz Can","ARCHIVED",1,1,0
"usa-plates-napkins-50-of-each-6-5-plates","USA Plates & Napkins • 6.5 inches, 25-Piece Bundle","ARCHIVED",1,1,0
"white-bride-straw","White Bride Straw","ARCHIVED",1,1,0
"white-claw-ruby-grapefruit-12oz-6-pack-can","White Claw Ruby Grapefruit • 6 Pack 12oz Can","ARCHIVED",1,1,0
"zebra-pool-float-with-lights","Zebra Pool Float with Lights","ARCHIVED",1,1,0
"sprite-20oz-bottle","Sprite • 20oz Bottle","ARCHIVED",1,1,0
"adictivo-extra-anejo-tequila-750ml","Adictivo Extra Anejo Tequila • 750ml Bottle","ARCHIVED",1,1,0
"don-julio-tequila-blanco-1-75l-bottle","Don Julio Tequila Blanco • 1.75L Bottle","ARCHIVED",1,1,0
"fat-tire","Fat Tire • 12 Pack 12oz Can","ARCHIVED",1,1,0
"ace-of-spades-ss-bottle-opener","Ace of Spades SS Bottle Opener","ARCHIVED",1,1,0
"pool-float-volleyball-basketball-set","Pool Float Volleyball & Basketball Set","ARCHIVED",1,1,0
"acopa-1-oz-2-oz-stainless-steel-classic-jigger","Acopa 1 oz.& 2 oz. Stainless Steel Classic Jigger","ARCHIVED",1,1,0
"disco-ball-balloons","Disco Ball Balloons","ARCHIVED",1,1,0
"1-gallon-glass-drink-dispenser-rental","1 Gallon Glass Drink Dispenser - Rental","ARCHIVED",1,1,0
"verde-punch-cocktail-kit","Verde Punch Cocktail Kit","ARCHIVED",1,1,0
"dripping-spring-vodka-80-proof","(NOT IN DB)","NOT_IN_DB",1,1,0
"estrella-jalisco-12oz-12-pack-can","Estrella Jalisco • 12 Pack 12oz Can","ARCHIVED",1,1,0
"vizzy-variety-pack","Vizzy Tropical Variety • 12 Pack 12oz Can","ARCHIVED",1,1,0
"dekuyper-watermelon-pucker-1l","DeKuyper Watermelon Pucker • 1L Bottle","ARCHIVED",1,1,0
"sugar-free-red-bull","Sugar Free Red Bull • 250ml Can","ARCHIVED",1,1,0
"pacifico","(NOT IN DB)","NOT_IN_DB",1,1,0
"mermaid-scale-sequin-glitter-tablecloth-pink","Pink Sequin Tablecloth","ARCHIVED",1,1,0
"red-bull-250ml-can","Red Bull • 250ml Can","ARCHIVED",1,1,0
"spice-islands-pumpkin-pie-spice-2oz","Pumpkin Pie Spice • 1.7oz","ARCHIVED",1,1,0
"tuxedo-shot-glasses","Tuxedo Shot Glasses","ARCHIVED",1,1,0
