slug	source	isWeddingCluster	pillar	category	calculatorLinks	venueBoatsLinks	djLinks	totalLinks
15-unique-birthday-party-ideas-in-austin-for-adults	mdx	0	ultimate-guide-austin-birthday-parties	Birthday Parties	0	0	0	0
affordable-birthday-party-rentals-and-suppliers	mdx	0	ultimate-guide-austin-birthday-parties	Birthday Parties	0	0	0	0
all-inclusive-austin-wedding-venues	mdx	1	ultimate-guide-austin-weddings	Weddings	1	1	0	2
austin-bachelor-party-do-s-and-don-ts-for-first-time-planners	mdx	0	ultimate-guide-austin-bachelor-parties	Bachelor Parties	0	0	0	0
austin-elopement-ideas-minimalist	mdx	1	ultimate-guide-austin-weddings	Weddings	1	1	0	2
austin-florists-caterers-texas-weddings	mdx	1	ultimate-guide-austin-weddings	Weddings	1	1	0	2
austin-gift-guide-party-lovers-home-bartenders	mdx	0		Gift Guides	0	0	0	0
austin-s-best-axe-throwing-and-adventure-activities-for-bachelor-parties	mdx	0	ultimate-guide-austin-bachelor-parties	Bachelor Parties	0	0	0	0
austin-venues-with-built-in-a-v-and-networking-spaces	mdx	0	ultimate-guide-austin-corporate-events	Corporate Events	0	0	0	0
balloon-pop-vs-confetti-cannon-which-reveal-is-better	mdx	0	ultimate-guide-austin-gender-reveals	Gender Reveals	0	0	0	0
best-airbnb-neighborhoods-for-bachelor-parties-in-austin	mdx	0	ultimate-guide-austin-bachelor-parties	Bachelor Parties	0	0	0	0
best-austin-bachelorette-themes-and-matching-outfit-ideas	mdx	0	ultimate-guide-austin-bachelorette-parties	Bachelorette Parties	0	0	0	0
best-bbq-spots-for-a-bachelor-party-lunch-in-austin	mdx	0	ultimate-guide-austin-bachelor-parties	Bachelor Parties	0	0	0	0
best-engagement-party-venues-in-austin	mdx	1	ultimate-guide-austin-engagement-parties	Engagement Parties	1	1	0	2
best-live-entertainment-ideas-for-austin-corporate-functions	mdx	0	ultimate-guide-austin-corporate-events	Corporate Events	0	0	0	0
best-outdoor-venues-for-gender-reveals-in-austin	mdx	0	ultimate-guide-austin-gender-reveals	Gender Reveals	0	0	0	0
best-party-barge-rentals-austin	mdx	0	ultimate-guide-lake-travis-boat-parties	Boat Parties	0	0	0	0
best-party-barge-rentals-in-austin-for-large-groups	mdx	0		Boat Parties	0	0	0	0
best-restaurants-for-birthday-dinners-in-austin	mdx	0	ultimate-guide-austin-birthday-parties	Birthday Parties	0	0	0	0
best-small-wedding-venues-austin	mdx	1	ultimate-guide-austin-weddings	Weddings	1	1	0	2
best-tailgate-food-and-bbq-recipes-for-longhorn-fans	mdx	0		Tailgating	0	0	0	0
best-time-of-year-for-boat-parties-on-lake-travis	mdx	0		Boat Parties	0	0	0	0
best-venues-for-quincea-eras-near-downtown-austin	mdx	0	ultimate-guide-austin-quinceaneras	Quinceañeras	0	0	0	0
budget-breakdown-for-a-modern-quince-in-austin	mdx	0	ultimate-guide-austin-quinceaneras	Quinceañeras	0	0	0	0
budgeting-your-boat-rental-and-extras-for-the-day	mdx	0		Boat Parties	0	0	0	0
corporate-client-appreciation-event-ideas-in-austin	mdx	0	ultimate-guide-austin-corporate-events	Corporate Events	0	0	0	0
corporate-event-bar-service-tips-for-austin-businesses	mdx	0	ultimate-guide-austin-corporate-events	Corporate Events	0	0	0	0
corporate-events-austin-guide	mdx	0	ultimate-guide-austin-corporate-events	Corporate Events	0	0	0	0
corporate-holiday-party-ideas-for-austin-companies	mdx	0	ultimate-guide-austin-corporate-events	Corporate Events	0	0	0	0
creative-gender-reveal-photo-shoot-ideas	mdx	0	ultimate-guide-austin-gender-reveals	Gender Reveals	0	0	0	0
diy-austin-bachelorette-scavenger-hunt-ideas	mdx	0		Bachelorette Parties	0	0	0	0
diy-quince-d-cor-ideas-for-texas-families	mdx	0	ultimate-guide-austin-quinceaneras	Quinceañeras	0	0	0	0
eco-friendly-gender-reveal-ideas-for-outdoor-events	mdx	0	ultimate-guide-austin-gender-reveals	Gender Reveals	0	0	0	0
eco-friendly-tailgating-how-to-clean-up-responsibly	mdx	0	ultimate-guide-ut-tailgating-austin	Tailgating	0	0	0	0
engagement-photo-locations-in-austin-s-hill-country	mdx	1	ultimate-guide-austin-engagement-parties	Engagement Parties	1	1	0	2
essential-bar-setup-checklist-for-austin-office-parties	mdx	0	ultimate-guide-austin-corporate-events	Corporate Events	0	0	0	0
essential-checklist-for-your-lake-travis-party-boat-day	mdx	0		Boat Parties	0	0	0	0
food-and-catering-inspiration-for-austin-engagement-parties	mdx	1	ultimate-guide-austin-engagement-parties	Engagement Parties	1	1	0	2
food-and-catering-options-for-austin-quince-parties	mdx	0	ultimate-guide-austin-quinceaneras	Quinceañeras	0	0	0	0
food-and-drink-ideas-for-your-byob-austin-boat-party	mdx	0		Boat Parties	0	0	0	0
friday-sunday-wedding-save-money	mdx	1	ultimate-guide-austin-weddings	Weddings	1	1	0	2
fun-team-building-activities-around-austin	mdx	0	ultimate-guide-austin-corporate-events	Corporate Events	0	0	0	0
games-to-keep-guests-entertained-at-gender-reveals	mdx	0	ultimate-guide-austin-gender-reveals	Gender Reveals	0	0	0	0
group-tailgate-games-everyone-will-love	mdx	0	ultimate-guide-ut-tailgating-austin	Tailgating	0	0	0	0
how-to-book-a-double-decker-barge-for-your-group	mdx	0		Boat Parties	0	0	0	0
how-to-book-vip-nightlife-and-bottle-service-in-austin	mdx	0	ultimate-guide-austin-bachelor-parties	Bachelor Parties	0	0	0	0
how-to-build-a-group-playlist-for-your-austin-bach-trip	mdx	0	ultimate-guide-austin-bachelorette-parties	Bachelorette Parties	0	0	0	0
how-to-choose-a-quincea-era-theme-inspired-by-texas-culture	mdx	0	ultimate-guide-austin-quinceaneras	Quinceañeras	0	0	0	0
how-to-choose-the-right-venue-for-your-austin-corporate-event	mdx	0	ultimate-guide-austin-corporate-events	Corporate Events	0	0	0	0
how-to-create-a-stress-free-bachelor-itinerary-in-austin	mdx	0	ultimate-guide-austin-bachelor-parties	Bachelor Parties	0	0	0	0
how-to-create-branded-photo-moments-for-corporate-events	mdx	0	ultimate-guide-austin-corporate-events	Corporate Events	0	0	0	0
how-to-create-the-perfect-boat-party-playlist	mdx	0		Boat Parties	0	0	0	0
how-to-decorate-your-tailgate-like-a-pro	mdx	0	ultimate-guide-ut-tailgating-austin	Tailgating	0	0	0	0
how-to-find-parking-and-setup-zones-for-austin-tailgates	mdx	0	ultimate-guide-ut-tailgating-austin	Tailgating	0	0	0	0
how-to-hire-austin-photographers-for-quincea-eras	mdx	0	ultimate-guide-austin-quinceaneras	Quinceañeras	0	0	0	0
how-to-host-a-bachelorette-pool-party-on-lake-travis	mdx	0		Bachelorette Parties	0	0	0	0
how-to-host-a-professional-happy-hour-for-your-austin-team	mdx	0	ultimate-guide-austin-corporate-events	Corporate Events	0	0	0	0
how-to-include-family-and-friends-in-your-engagement-planning	mdx	1	ultimate-guide-austin-engagement-parties	Engagement Parties	1	1	0	2
how-to-legally-tailgate-near-dkr-texas-memorial-stadium	mdx	0	ultimate-guide-ut-tailgating-austin	Tailgating	0	0	0	0
how-to-organize-transportation-for-large-company-events	mdx	0	ultimate-guide-austin-corporate-events	Corporate Events	0	0	0	0
how-to-pick-a-theme-for-your-engagement-celebration	mdx	1	ultimate-guide-austin-engagement-parties	Engagement Parties	1	1	0	2
how-to-plan-a-brewery-crawl-on-austin-s-east-side	mdx	0	ultimate-guide-austin-bachelor-parties	Bachelor Parties	0	0	0	0
how-to-plan-a-cake-cutting-gender-reveal	mdx	0	ultimate-guide-austin-gender-reveals	Gender Reveals	0	0	0	0
how-to-plan-a-low-budget-gender-reveal-in-austin	mdx	0	ultimate-guide-austin-gender-reveals	Gender Reveals	0	0	0	0
how-to-plan-a-successful-corporate-networking-event-in-austin	mdx	0	ultimate-guide-austin-corporate-events	Corporate Events	0	0	0	0
how-to-plan-a-surprise-birthday-in-austin	mdx	0	ultimate-guide-austin-birthday-parties	Birthday Parties	0	0	0	0
how-to-plan-an-intimate-backyard-engagement-party	mdx	1	ultimate-guide-austin-engagement-parties	Engagement Parties	1	1	0	2
how-to-plan-your-quince-court-s-choreography	mdx	0	ultimate-guide-austin-quinceaneras	Quinceañeras	0	0	0	0
how-to-rent-a-donut-boat-for-your-birthday-celebration	mdx	0	ultimate-guide-austin-birthday-parties	Birthday Parties	0	0	0	0
how-to-split-costs-fairly-for-a-bachelorette-weekend-in-austin	mdx	0	ultimate-guide-austin-bachelorette-parties	Bachelorette Parties	0	0	0	0
how-to-throw-a-birthday-bash-on-lake-austin	mdx	0		Boat Parties	0	0	0	0
how-to-transition-from-engagement-to-wedding-planning	mdx	1	ultimate-guide-austin-engagement-parties	Engagement Parties	1	1	0	2
kid-friendly-birthday-venues-in-austin	mdx	0	ultimate-guide-austin-birthday-parties	Birthday Parties	0	0	0	0
lake-travis-party-boat-checklist	mdx	0	ultimate-guide-lake-travis-boat-parties	Boat Parties	0	0	0	0
longhorn-themed-cocktail-and-mocktail-recipes	mdx	0	ultimate-guide-ut-tailgating-austin	Tailgating	0	0	0	0
music-and-entertainment-options-for-engagement-celebrations	mdx	1	ultimate-guide-austin-engagement-parties	Engagement Parties	1	1	0	2
outdoor-birthday-ideas-for-austin-s-parks-and-lakes	mdx	0	ultimate-guide-austin-birthday-parties	Birthday Parties	0	0	0	0
pink-and-blue-snack-and-drink-ideas-for-your-reveal-party	mdx	0	ultimate-guide-austin-gender-reveals	Gender Reveals	0	0	0	0
plan-hill-country-wedding-six-months	mdx	1	ultimate-guide-austin-weddings	Weddings	1	1	0	2
professional-bar-service-and-responsible-drinking-for-events	mdx	0	ultimate-guide-austin-corporate-events	Corporate Events	0	0	0	0
quincea-era-checklist-for-austin-families	mdx	0	ultimate-guide-austin-quinceaneras	Quinceañeras	0	0	0	0
quincea-era-dress-shopping-guide-for-austin-boutiques	mdx	0	ultimate-guide-austin-quinceaneras	Quinceañeras	0	0	0	0
rehearsal-dinner-austin-restaurants	mdx	1	ultimate-guide-austin-weddings	Weddings	1	1	0	2
rustic-bbq-engagement-party-d-cor-ideas	mdx	1	ultimate-guide-austin-engagement-parties	Engagement Parties	1	1	0	2
rustic-modern-wedding-decor-texas	mdx	1	ultimate-guide-austin-weddings	Weddings	0	1	0	1
signature-wedding-cocktails-texas-heat	mdx	1	ultimate-guide-austin-weddings	Weddings	1	1	0	2
spa-and-wellness-retreat-ideas-for-a-relaxing-bachelorette	mdx	0	ultimate-guide-austin-bachelorette-parties	Bachelorette Parties	0	0	0	0
stress-free-wedding-vendor-checklist	mdx	1	ultimate-guide-austin-weddings	Weddings	1	1	0	2
tailgate-playlist-ideas-to-hype-your-crowd	mdx	0	ultimate-guide-ut-tailgating-austin	Tailgating	0	0	0	0
the-ultimate-guide-to-austin-s-instagram-worthy-photo-ops	mdx	0	ultimate-guide-austin-bachelorette-parties	Bachelorette Parties	0	0	0	0
themed-birthday-d-cor-ideas-inspired-by-austin-culture	mdx	0	ultimate-guide-austin-birthday-parties	Birthday Parties	0	0	0	0
timeline-for-stress-free-quince-planning	mdx	0	ultimate-guide-austin-quinceaneras	Quinceañeras	0	0	0	0
tips-for-filming-your-reveal-moment	mdx	0	ultimate-guide-austin-gender-reveals	Gender Reveals	0	0	0	0
top-10-gender-reveal-themes-for-austin-families	mdx	0	ultimate-guide-austin-gender-reveals	Gender Reveals	0	0	0	0
top-birthday-brunch-spots-with-private-rooms	mdx	0	ultimate-guide-austin-birthday-parties	Birthday Parties	0	0	0	0
top-brunch-spots-for-an-austin-bachelorette-crew	mdx	0	ultimate-guide-austin-bachelorette-parties	Bachelorette Parties	0	0	0	0
top-corporate-catering-options-for-austin-business-events	mdx	0	ultimate-guide-austin-corporate-events	Corporate Events	0	0	0	0
top-party-boat-rentals-for-austin-bachelor-weekends	mdx	0	ultimate-guide-austin-bachelor-parties	Bachelor Parties	0	0	0	0
top-safety-tips-for-renting-a-party-boat	mdx	0		Boat Parties	0	0	0	0
ultimate-guide-austin-bachelor-parties	mdx	0	ultimate-guide-austin-bachelor-parties	Bachelor Parties	0	0	0	0
ultimate-guide-austin-bachelorette-parties	mdx	0	ultimate-guide-austin-bachelorette-parties	Bachelorette Parties	0	0	0	0
ultimate-guide-austin-birthday-parties	mdx	0	ultimate-guide-austin-birthday-parties	Birthday Parties	0	0	0	0
ultimate-guide-austin-boat-parties-lake-travis	mdx	0	ultimate-guide-lake-travis-boat-parties	Boat Parties	0	0	0	0
ultimate-guide-austin-corporate-events	mdx	0	ultimate-guide-austin-corporate-events	Corporate Events	0	0	0	0
ultimate-guide-austin-engagement-parties	mdx	1	ultimate-guide-austin-engagement-parties	Engagement Parties	1	1	0	2
ultimate-guide-austin-gender-reveals	mdx	0	ultimate-guide-austin-gender-reveals	Gender Reveals	0	0	0	0
ultimate-guide-austin-quinceaneras	mdx	0	ultimate-guide-austin-quinceaneras	Quinceaneras	0	0	0	0
ultimate-guide-austin-wedding-bar-service	mdx	1	ultimate-guide-austin-weddings	Weddings	1	1	0	2
ultimate-guide-austin-weddings	mdx	1	ultimate-guide-austin-weddings	Weddings	1	1	0	2
ultimate-guide-lake-travis-boat-parties	mdx	0	ultimate-guide-lake-travis-boat-parties	Boat Parties	0	0	0	0
ultimate-guide-to-austin-boat-parties-on-lake-travis	mdx	0	ultimate-guide-lake-travis-boat-parties	Boat Parties	0	0	0	0
ultimate-guide-ut-tailgating-austin	mdx	0	ultimate-guide-ut-tailgating-austin	Tailgating	0	0	0	0
unique-airbnbs-for-large-bachelorette-groups-in-austin	mdx	0		Bachelorette Parties	0	0	0	0
unique-bachelor-party-ideas-beyond-the-bar-scene	mdx	0	ultimate-guide-austin-bachelor-parties	Bachelor Parties	0	0	0	0
wedding-photography-austin-lakes-hills	mdx	1	ultimate-guide-austin-weddings	Weddings	1	1	0	2
what-to-pack-for-a-bachelor-weekend-on-lake-travis	mdx	0	ultimate-guide-austin-bachelor-parties	Bachelor Parties	0	0	0	0
what-to-pack-for-a-perfect-austin-tailgate-setup	mdx	0	ultimate-guide-ut-tailgating-austin	Tailgating	0	0	0	0
what-to-wear-and-pack-for-an-austin-boat-party	mdx	0		Boat Parties	0	0	0	0
where-to-find-custom-birthday-cakes-in-austin	mdx	0	ultimate-guide-austin-birthday-parties	Birthday Parties	0	0	0	0
where-to-find-custom-party-favors-and-d-cor-in-austin	mdx	0		Bachelorette Parties	0	0	0	0
where-to-tailgate-for-ut-football-games-in-austin	mdx	0		Tailgating	0	0	0	0
wine-tasting-and-vineyard-party-ideas-near-austin	mdx	1	ultimate-guide-austin-engagement-parties	Engagement Parties	1	1	0	2
corporate-team-building-on-austin-party-houses-alcohol-coordination-for-professional-events	json	0			0	0	0	0
bachelorette-party-alcohol-emergency-kit-last-minute-delivery-solutions	json	0			0	0	0	0
budget-friendly-bachelorette-party-alcohol-maximum-fun-without-breaking-the-bank	json	0			0	0	0	0
instagram-worthy-bachelorette-party-cocktails-recipes-and-delivery-coordination	json	0			0	0	0	0
why-choose-integrated-event-services-comparing-austin-party-planning-options	json	0			0	0	0	0
integrated-austin-event-services-combining-alcohol-delivery-and-alcohol-delivery-for-perfect-celebrations	json	0			0	0	0	0
holiday-celebrations-on-austin-party-houses-seasonal-boat-party-planning-and-coordination	json	0			0	0	0	0
austin-party-houses-boat-party-music-sound-systems-and-entertainment-coordination	json	0			0	0	0	0
cocktail-kits-vs-individual-bottles-the-smart-bachelorette-party-alcohol-strategy	json	0			0	0	0	0
austin-party-houses-party-alcohol-delivery-ultimate-guide-for-large-group-events-20-guests	json	0			0	0	0	0
austin-party-houses-boat-party-photography-capturing-perfect-memories-at-your-airbnb-hotel-or-home	json	0			0	0	0	0
first-time-austin-party-houses-boat-rental-essential-tips-for-austin-party-planning	json	0			0	0	0	0
austin-party-houses-boat-party-entertainment-activities-and-amenities-for-unforgettable-events	json	0			0	0	0	0
austin-party-houses-sunset-cruises-romantic-and-celebration-options-for-every-occasion	json	0			0	0	0	0
austin-party-houses-boat-party-catering-food-and-beverage-coordination-for-perfect-events	json	0			0	0	0	0
austin-party-houses-bachelorette-party-alcohol-laws-what-you-can-and-cant-bring-on-boats	json	0			0	0	0	0
austin-party-houses-boat-safety-and-maintenance-quality-standards-for-party-cruises	json	0			0	0	0	0
austin-party-houses-boat-party-regulations-legal-requirements-and-compliance-guide	json	0			0	0	0	0
austin-party-houses-boat-party-costs-complete-pricing-guide-and-budget-planning	json	0			0	0	0	0
austin-party-houses-boat-party-reviews-real-customer-experiences-and-testimonials	json	0			0	0	0	0
accessible-austin-party-houses-boat-parties-inclusive-event-planning-for-all-guests	json	0			0	0	0	0
austin-party-houses-boat-party-insurance-understanding-coverage-and-liability-for-events	json	0			0	0	0	0
creative-austin-party-houses-boat-party-themes-unique-ideas-for-memorable-celebrations	json	0			0	0	0	0
austin-party-houses-boat-party-logistics-complete-planning-and-coordination-guide	json	0			0	0	0	0
austin-party-houses-boat-party-packages-comprehensive-guide-to-options-and-pricing	json	0			0	0	0	0
austin-party-houses-weather-planning-seasonal-considerations-for-perfect-boat-parties	json	0			0	0	0	0
austin-party-houses-boat-safety-essential-guidelines-for-safe-party-cruises	json	0			0	0	0	0
birthday-party-alcohol-delivery-on-austin-party-houses-milestone-celebrations-with-a-view	json	0			0	0	0	0
austin-bachelorette-weekend-alcohol-timeline-day-by-day-drinking-strategy-for-multi-day-celebrations	json	0			0	0	0	0
corporate-team-building-on-austin-party-houses-professional-boat-rental-solutions	json	0			0	0	0	0
austin-bachelorette-party-supply-deliverys-austin-party-houses-adventures-for-unforgettable-celebrations	json	0			0	0	0	0
austin-party-houses-bachelor-party-alcohol-delivery-the-ultimate-guide-to-epic-celebrations	json	0			0	0	0	0
party-alcohol-safety-in-austin-responsible-service-and-guest-well-being	json	0			0	0	0	0
austin-party-venue-alcohol-delivery-navigating-policies-and-logistics	json	0			0	0	0	0
holiday-party-alcohol-themes-new-year-s-fourth-of-july-and-austin-celebrations	json	0			0	0	0	0
graduation-party-alcohol-planning-ut-and-austin-college-celebrations	json	0			0	0	0	0
pool-party-alcohol-coordination-summer-event-planning-in-austin-heat	json	0			0	0	0	0
birthday-party-alcohol-delivery-austin-milestone-celebrations-made-easy	json	0			0	0	0	0
austin-party-houses-bachelor-party-alcohol-delivery-complete-coordination-guide-for-boat-parties	json	0			0	0	0	0
conference-after-party-alcohol-coordination-sxsw-acl-and-austin-event-integration	json	0			0	0	0	0
startup-celebration-alcohol-packages-funding-rounds-launches-and-milestone-events	json	0			0	0	0	0
holiday-office-party-alcohol-delivery-stress-free-corporate-celebration-planning	json	0			0	0	0	0
executive-retreat-alcohol-planning-balancing-professionalism-and-team-bonding	json	0			0	0	0	0
client-entertainment-alcohol-strategy-impressing-without-overdoing-it	json	0			0	0	0	0
the-ultimate-austin-bachelorette-party-alcohol-guide-what-to-order-when-to-order-and-how-much-you-actually-need	json	0			0	0	0	0
austin-bachelorette-parties-best-ways-to-spend-a-weekend-in-austin	json	0			0	0	0	0
party-on-delivery-well-bring-the-party-to-you-drinks-and-all	json	0			0	0	0	0
tips-for-ordering-liquor	json	0			0	0	0	0
the-future-of-liquor-delivery-in-austin-texas	json	0			0	0	0	0
texas-liquor-delivery-history-where-it-all-started	json	0			0	0	0	0
trending-party-supplies-for-2023	json	0			0	0	0	0
planning-a-party-cruise-with-partyon-deliver-items	json	0			0	0	0	0
partyondeliver-x-premier-party-cruises-stress-free-party	json	0			0	0	0	0
paryon-delivery-alcohol-delivery-service-for-any-occasion	json	0			0	0	0	0
custom-liquor-boxes-for-delivery-in-austin	json	0			0	0	0	0
partyon-delivery-alcohol-delivery-services-in-austin-texas	json	0			0	0	0	0
